,sum_sq,df,F,PR(>F)
C(additional_info),0.9773189586998776,15.0,55.415777379437735,5.917624252082158e-142
C(embedding_model),19.72348485187116,5.0,3355.07329301789,0.0
C(dr_method),18.552305928710652,2.0,7889.623285741196,0.0
C(additional_info):C(embedding_model),3.5043026809066715,75.0,39.74007779274553,0.0
C(additional_info):C(dr_method),0.2551013498071135,30.0,7.232357197342704,1.202255060439511e-28
C(embedding_model):C(dr_method),2.2591464961033734,10.0,192.14662446865466,1.186954661666028e-294
C(additional_info):C(embedding_model):C(dr_method),1.238510889822541,150.0,7.0225838904954285,3.099453135312617e-106
Residual,2.708907086666666,2304.0,,
