,sum_sq,df,F,PR(>F)
C(additional_info),0.34523769323689485,15.0,15.839346081202223,7.389569822401877e-40
C(embedding_model),45.000251091423976,5.0,6193.7722740689105,0.0
C(dr_method),20.886013337984505,2.0,7186.804917256093,0.0
C(additional_info):C(embedding_model),1.373323974193652,75.0,12.601494063360652,1.3568876160102691e-122
C(additional_info):C(dr_method),0.1758128530015402,30.0,4.033106289909202,1.7252579607431923e-12
C(embedding_model):C(dr_method),12.926509047986105,10.0,889.5934067040749,0.0
C(additional_info):C(embedding_model):C(dr_method),0.6281802654706876,150.0,2.882062075227762,7.879296620242927e-26
Residual,3.3478976599999974,2304.0,,
